Function,Species,Specimen,Sex,logbsl,logpter,logorb,logcor
Non,Tjacksoni,VTPE.LA.0554,M,1.647861995,1.528621074,1.061678615,0.32407658
Non,Tjacksoni,VTPE.LA.0576,M,1.530890944,1.284904251,0.953469743,0.138618434
Non,Tjacksoni,VTPE.LA.0553,F,1.516098877,1.292012266,1.009875634,0.144262774
Non,Tjacksoni,VTPE.LA.0577,M,1.516297339,0.968996327,0.961516011,0.149527014
Non,Tjacksoni,VTPE.LA.0575,M,1.386944624,0.953131225,0.874713689,0.036229544
Non,Tjacksoni,VTPE.LA.0552,F,1.629164857,1.444544416,1.003029471,0.151982395
Non,Tjacksoni,VTPE.LA.0571,M,1.315151338,0.797959644,0.789369154,0.02201574
Non,Tjacksoni,VTPE.LA.0573,M,1.626124707,1.47082195,1.021437396,0.307923704
Non,Tjacksoni,VTPE.LA.0555,M,1.658974367,1.492425113,1.064757399,0.257678575
Non,Tjacksoni,LACM 163866,M,1.366030514,1.330515232,1.017659274,0.183554534
Non,Tjacksoni,LACM 164164,M,1.346763599,1.291967923,1.012795058,0.189490314
Non,Tjacksoni,LACM 164165,M,1.332135358,1.184123354,0.963504499,0.239799818
Non,Tjacksoni,LACM 164608,F,1.515622198,1.597190409,1.086893471,0.322632712
Non,Tjacksoni,LACM 164658,M,1.484883253,1.577250458,1.06792595,0.264345507
Non,Tjacksoni,LACM 164683,M,1.518303322,1.620219365,1.109679769,0.402089351
Non,Tjacksoni,LACM 164687,,1.427499728,1.504959933,1.05960128,0.170261715
Non,Tjacksoni,LACM 168686,M,1.410945859,1.555033958,1.037187371,0.233757363
Non,Tjacksoni,VTPE.LA.0198,M,1.350616237,1.353993124,0.979457318,0.231979027
Non,Tjacksoni,VTPE.LA.0199,F,1.248782214,1.039652024,0.873611197,0.135450699
Non,Tjacksoni,VTPE.LA.0200,M,1.332175784,1.283866348,0.951191758,0.239299479
Non,Tjacksoni,VTPE.LA.0201,F,1.396809373,1.387336426,0.963835031,0.160468531
Non,Tjacksoni,VTPE.LA.0202,M,1.359550917,1.282893887,0.966939163,0.211654401
Non,Tjacksoni,VTPE.LA.0203,F,1.432520341,1.490534346,1.041787319,0.245018871
Non,Tjacksoni,VTPE.LA.0204,F,1.447576614,1.53962803,1.064120906,0.391288049
Non,Tjacksoni,VTPE.LA.0205,M,1.376959989,1.336959785,0.970904498,0.172018809
Non,Tjacksoni,VTPE.LA.0206,M,1.439048335,1.497289106,1.074926097,0.367355921
Non,Tjacksoni,VTPE.LA.0189,M,1.372359583,1.323932409,0.980230691,0.173186268
Non,Tjacksoni,VTPE.LA.0190,M,1.237367773,1.053078443,0.879898324,0.106870544
Non,Tjacksoni,VTPE.LA.0211,M,1.357305808,1.288450448,0.997604787,0.172018809
Non,Tjacksoni,VTPE.LA.0197,M,1.358258542,1.244301866,0.930949031,0.195622944
Non,Tjacksoni,VTPE.LA.0191,F,1.284633733,1.12538366,0.896526217,0.160168293
Non,Tjacksoni,VTPE.LA.0192,M,1.300008203,1.167642195,0.922206277,0.255995727
Non,Tjacksoni,VTPE.LA.0193,F,1.28860689,1.162833144,0.927473021,0.161966616
Non,Tjacksoni,VTPE.LA.0194,M,1.320125506,1.105373914,0.949926444,0.168497484
Non,Tjacksoni,VTPE.LA.0196,F,1.272166625,1.014268457,0.879726497,0.172018809
Non,Tjacksoni,VTPE.LA.0195,F,1.219924913,1.016657345,0.871397781,0.125806458
Non,Tjacksoni,VTPE.LA.0210,F,1.414655863,1.464593861,1.00225248,0.309843005
Non,Tjacksoni,VTPE.LA.0187,M,1.313803969,1.167848799,0.891314399,0.042181595
Non,Tjacksoni,VTPE.LA.0179,M,1.294311881,1.045009861,0.904174368,0.17868924
Non,Tjacksoni,VTPE.LA.0180,F,1.273695588,1.052693942,0.855942946,0.250663919
Non,Tjacksoni,VTPE.LA.0181,F,1.197004728,0.972850556,0.856003454,0.087781418
Non,Tjacksoni,VTPE.LA.0182,M,1.179994821,1.181414796,0.976991545,0.169086357
Non,Tjacksoni,VTPE.LA.0183,M,1.406097144,1.34715431,0.916137983,0.075911761
Non,Tjacksoni,VTPE.LA.0184,F,1.292388998,1.229118455,0.913018684,0.218272854
Non,Tjacksoni,VTPE.LA.0186,M,1.287084776,1.217641841,0.935859798,0.214843848
Non,Tjacksoni,VTPE.LA.0185,F,1.314583426,1.179666669,0.966235624,0.205745541
Non,Tjacksoni,VTPE.LA.0188,M,1.34849957,1.254620574,0.976349979,0.136086097
Non,Tjacksoni,VTPE.LA.0177,M,1.311055123,1.221283799,0.905256049,0.119255889
Non,Tjacksoni,VTPE.LA.0178,F,1.211768935,1.215796133,0.92505412,0.117271296
Non,Tjacksoni,AMNH 77033,M,1.406267596,1.287600206,1.030275803,0.28645647
Non,Tjacksoni,AMNH 82120,M,1.315529533,1.188591037,0.950656883,0.133219457
Non,Tjacksoni,AMNH 82121,M,1.331548761,1.225774348,0.941262909,0.141449773
Non,Tjacksoni,AMNH 99984,F,1.499247068,1.526597709,1.08127528,0.323458367
Non,Tjacksoni,AMNH 141099,F,1.494043222,1.647832682,1.142295588,0.255513713
Non,Foustaleti,VTPE.LA.0252,M,1.597190409,1.800318334,1.112470939,-0.014124643
Non,Foustaleti,VTPE.LA.0251,F,1.52928916,1.601679817,1.117867627,0.183839037
Non,Foustaleti,VTPE.LA.0250,M,1.359550917,1.231724383,0.95927995,0.105510185
Non,Foustaleti,VTPE.LA.0249,M,1.705957742,2.203644713,1.223962952,0.401572846
Non,Foustaleti,UF166109,M,1.702473619,2.16600064,1.172398578,0.311117843
Non,Foustaleti,YPM14377,M,1.69547292,2.183164461,1.219820207,0.587149498
Non,Foustaleti,YPM19181,M,1.717920026,2.148969553,1.180813776,0.265289626
Non,Fverrucosus,AMNH 71189,,1.641682284,1.96135464,1.204337076,0.373279893
Non,Fverrucosus,AMNH 71190,,1.607487192,1.792041311,1.191870015,0.2219356
Non,Fverrucosus,AMNH 71820,,1.582392938,1.803846168,1.152807963,0.273695588
Non,Fverrucosus,AMNH 71821,,1.536760393,1.691876823,1.128948252,0.154119526
Non,Fverrucosus,AMNH 71822,,1.599828509,1.746089043,1.174815456,0.306425028
Non,Fverrucosus,AMNH 71823,,1.593950295,1.707672351,1.155700328,0.301897717
Non,Fverrucosus,AMNH 71824,,1.578685043,1.756696951,1.137100805,0.204662512
Non,Fverrucosus,AMNH 71825,,1.638359448,2.014070891,1.207930438,0.235275877
Non,Fverrucosus,AMNH 71826,,1.594536186,1.737184689,1.166104345,0.22762965
Non,Fverrucosus,AMNH 71827,,1.605218825,1.772937499,1.180068501,0.343408594
Non,Fverrucosus,AMNH 71828,,1.556652208,1.756095756,1.139910556,0.236537261
Non,Fverrucosus,CM119085,,1.533517862,1.620302659,1.00099773,0.381295623
Non,Fverrucosus,YPM11101,,1.671256175,2.098827094,1.172340174,0.384711743
Non,Kfischeri,VTPE.LA.0230,M,1.435493987,1.492243397,1.090857396,0.168497484
Non,Kfischeri,VTPE.LA.0253,M,1.397922637,1.498916764,1.044931546,0.184407485
Non,Kfischeri,MCZ R24316,M,1.366684389,1.273441134,0.98511198,-0.015922966
Non,Kfischeri,MCZ R24324,M,1.354396592,1.189040908,0.946009885,0.030194785
Non,Kfischeri,MCZ R24333,M,1.412107592,1.261976191,0.983445857,-0.063486258
Non,Kfischeri,MCZ R131522,M,1.324981703,1.131490346,0.912434633,0.07371835
Non,Kfischeri,MCZ R131524,M,1.368807354,1.253991863,0.949585151,0.084576278
Non,Kfischeri,MCZ R147428,M,1.346529004,1.241297387,0.916295995,-0.007888512
Non,Kfischeri,MCZ R147429,M,1.312367795,1.140099325,0.912806393,
Non,Tellioti,MCZ R41718,,1.211067119,0.920227711,0.777281792,0.080626487
Non,Tellioti,MCZ R47216,,1.261334254,0.965248751,0.797821311,0.067442843
Non,Tellioti,UF51247,M,1.153561833,0.949097125,0.767601068,-0.072629637
Non,Tellioti,UF51248,M,1.21562699,0.939868544,0.813447544,-0.067526235
Non,Tellioti,UF51378,F,1.266184642,1.009323393,,0.025715384
Non,Tellioti,UF51380,F,1.235462793,0.975247941,0.769746467,-0.110698297
Non,Tellioti,UF51381,F,1.234823409,0.989049156,,-0.061980903
Non,Tellioti,UF51382,F,1.211742424,0.887110703,0.789721694,-0.073657553
Non,Tellioti,UF51384,F,1.247408562,0.909556029,0.771734425,-0.097453221
Non,Tellioti,UF51385,F,1.272581831,0.98721923,0.835500328,0.017033339
Non,Tellioti,UF51386,F,1.24953832,0.962369336,0.800235789,-0.047207557
Non,Tellioti,UF51387,F,1.200297706,0.922984816,0.741860394,-0.161150909
Non,Tellioti,UF51389,F,1.208118741,0.94472936,0.800923182,-0.021363052
Non,Tellioti,UF51390,,1.19447549,0.956984368,0.729002709,-0.069560405
Non,Tellioti,UF53367,F,1.247002995,1.031812271,0.776483256,-0.005243055
Non,Tellioti,UF53368,F,1.255627034,1.041787319,0.787035182,0.037824751
Non,Tellioti,UF53369,,1.204315371,0.87279704,0.749968084,-0.060980224
Non,Tellioti,UF53370,,1.091308121,0.679791171,0.655618584,-0.244125144
Non,Tellioti,UF53371,,1.189254434,0.928549467,0.79190108,-0.033858267
Non,Tellioti,UF53372,M,1.229758611,0.976074732,0.853028615,0.003029471
Non,Tellioti,UF51249,,1.24873078,1.026042721,0.836070809,-0.04383157
Non,Thoehneli,CM144863,,1.35223463,1.382557322,0.90330708,0.04060234
Non,Thoehneli,CM144864,,1.401398817,1.460552073,0.918868743,0.172310969
Non,Thoehneli,CM144866,,1.276769608,1.172281761,0.873843533,-0.113509275
Non,Thoehneli,CM144867,,1.283735306,1.078130431,0.872680607,
Non,Thoehneli,MCZ R29471,,1.224170352,0.910997716,0.816970038,-0.119186408
Non,Thoehneli,MCZ R41754,,1.33243846,1.365338202,0.88337749,0.189770956
Non,Thoehneli,MCZ R131525,,1.223833277,0.933892036,0.790425917,-0.033858267
Non,Thoehneli,MCZ R131526,,1.236007926,0.892261607,0.798719685,-0.015922966
Non,Thoehneli,MCZ R131527,,1.203386492,0.907411361,0.783689236,-0.057495894
Non,Thoehneli,MCZ R131529,,1.341889356,1.157909866,0.929367829,0.048441804
Non,Thoehneli,MCZ R131530,,1.056638097,0.530839779,0.669037801,-0.121478204
Non,Thoehneli,MCZ R131531,,1.301984394,1.239799818,0.898121576,0.176958981
Non,Thoehneli,MCZ R131532,,1.23724204,1.072396967,0.857332496,0.044147621
Non,Thoehneli,UF55065,,1.2602694,1.01321654,0.834039018,-0.119186408
Non,Thoehneli,UF55898,,1.245322622,1.049760552,0.855337404,0.189770956
Non,Thoehneli,UF55899,,1.207704366,0.891648944,0.814447379,-0.005682847
Non,Thoehneli,UF62564,,1.272224639,1.114010162,0.86165387,-0.033858267
Non,Thoehneli,UF63843,,1.263015543,1.12784959,0.840294332,0.122543524
Non,Thoehneli,UF63945,,1.270792925,1.250956439,0.87667961,0.017867719
Non,Thoehneli,YPM11340,,0.905526048,0.294686624,0.552181339,-0.238824187
Non,Thoehneli,YPM11341,,0.918764031,0.319106059,0.539076099,-0.325138859
Non,Thoehneli,YPM11342,,0.869349081,-0.056011125,0.472024698,
Non,Thoehneli,YPM17900,,1.36912305,1.532754379,0.904985881,0.164947373
Non,Thoehneli,YPM18561,,1.218535505,0.982813762,0.78604121,-0.115204636
Non,Tjacksoni,CM56087,M,1.437528604,1.618173658,1.048169799,0.399327532
Non,Tjacksoni,CM56088,F,1.525420601,1.630814195,1.038421446,
Non,Tjacksoni,CM56090,F,1.467075084,1.584591271,0.957703042,0.297541668
Non,Tjacksoni,CM144855,F,1.348779048,1.084075568,0.852174904,0.031408464
Non,Tjacksoni,CM144878,M,1.274942566,1.029261996,0.948901761,0.105169428
Non,Tjacksoni,CM144880,M,1.357140154,1.200166246,0.937868797,0.198657087
Non,Tjacksoni,CM144882,F,1.378942677,1.215187969,0.935759104,0.09482038
Non,Tjacksoni,CM144884,M,1.405633627,1.200850498,0.968436248,0.159266331
Non,Tjacksoni,UF37283,M,1.557785653,1.624519294,1.034788831,0.190331698
Non,Tjacksoni,UF40630,F,1.47921028,1.194431083,0.964542466,0.148602655
Non,Tjacksoni,UF40631,M,1.342052062,1.269396183,0.874887511,0.218010043
Non,Tjacksoni,UF42438,M,1.325945189,1.470616269,1.017867719,0.362859303
Non,Tjacksoni,UF52736,M,1.465698558,1.711739761,1.125351121,0.46612587
Non,Tjacksoni,UF99050,M,1.463101285,1.607272688,1.076786034,0.298197867
Non,Tjacksoni,UF99051,F,1.441333728,1.521935302,1.001776967,0.246990699
Non,Tjacksoni,UF99052,M,1.557275759,1.527694331,1.059108818,0.29710365
Non,Tjacksoni,UF99155,M,1.502563669,1.617398786,1.107142106,0.341434525
Non,Tjacksoni,UF99229,M,1.513896487,1.675540056,1.05556944,0.288919606
Non,Tjacksoni,UF99230,M,1.472573405,1.672578088,1.14690287,0.480581787
Non,Tjacksoni,UF99236,F,1.440074309,1.53588881,0.958659427,0.245759356
Non,Tjacksoni,UF173156,M,1.485181771,1.590930957,1.063821056,0.312811826
Non,Tjacksoni,UF175439,F,1.319605679,1.206394064,0.883093359,0.165837625
Non,Tjacksoni,YPM10816,M,1.360119862,1.132803818,0.967126581,0.193402903
Non,Tjacksoni,YPM11093,F,1.397974751,1.453440659,0.963504499,0.309417226
Non,Tjacksoni,YPM11096,M,1.379686152,1.424718337,0.970300375,0.140508043
Non,Tjacksoni,YPM11489,M,1.241845204,1.05751396,0.837146344,0.08350262
Non,Tjacksoni,YPM11770,M,1.340682019,1.293495143,0.912381499,0.202488317
Non,Tjacksoni,YPM12115,M,1.347564178,1.199837422,0.892817824,0.177247836
Non,Tjacksoni,YPM15898,M,1.399388385,1.339789205,0.968856375,0.182699903
Non,Tjacksoni,YPM15900,F,1.428349995,1.342560843,0.98403198,0.261976191
Non,Tjacksoni,YPM15904,M,1.283845999,1.01321654,0.908377772,-0.000434512
Non,Tjacksoni,YPM16239,M,1.251897746,1.005909446,0.793650718,0.097604329
Non,Tjacksoni,YPM16087,M,1.349191142,1.114577627,0.888740961,0.174059808
Non,Tjacksoni,YPM16384,M,1.435589573,1.501127758,1.078674273,0.265525335
Non,Tjacksoni,YPM16385,F,1.500977054,1.657858651,1.087284391,0.344785123
Non,Tjacksoni,YPM17256,M,1.440657244,1.541853711,1.032417279,0.312177356
Non,Tjacksoni,YPM19711,M,1.45591024,1.515396917,1.024074987,0.365487985
Non,Tjohnstoni,AMNH 143171,,1.418052578,1.358220473,1.032739605,0.170261715
Non,Tjohnstoni,CM144886,F,1.415187102,1.203168923,1.017659274,0.056904851
Non,Tjohnstoni,CM144887,M,1.395712455,1.335959106,1.017826038,0.109578547
Non,Tjohnstoni,CM144888,F,1.367933354,1.202488317,0.959518377,0.137986733
Non,Tjohnstoni,CM144889,F,1.448460511,1.348849823,1.028408565,0.137986733
Non,Tjohnstoni,CM144890,M,1.419026719,1.308628433,1.007875744,0.072249898
Non,Tjohnstoni,CM144891 2,M,1.396480065,1.277104727,1.021272014,0.111262514
Non,Tjohnstoni,CM144891,M,1.438706859,1.298219723,1.065093989,0.097951071
Non,Tjohnstoni,CM144892,M,1.452034971,1.359835482,1.03530964,0.178401342
Non,Tjohnstoni,CM144893,M,1.478746813,1.430236353,1.092825873,0.188647296
Non,Tjohnstoni,CM144894,M,1.405493206,1.363386314,1.075765878,0.167317335
Non,Tjohnstoni,CM144895,M,1.371420699,1.166370901,0.989004616,0.053078443
Non,Tjohnstoni,CM144896,M,1.405211423,1.281215233,1.028977705,0.204662512
Non,Tjohnstoni,CM144898,M,1.339743523,1.278273326,1.017992738,0.257678575
Non,Tjohnstoni,MCZ R47274,M,1.428150999,1.284047032,1.026778329,0.135768515
Non,Tjohnstoni,MCZ R47276,M,1.430961453,1.312600439,1.035389709,0.228656958
Non,Tjohnstoni,MCZ R85542A,F,1.410541048,1.264510876,0.992023028,
Non,Tjohnstoni,MCZ R85542B,M,1.353493073,1.212134313,0.963787827,
Non,Tjohnstoni,MCZ R85542C,F,1.427875436,1.300769341,1.027227254,
Non,Tjohnstoni,UF61018,,1.413402038,1.344333316,1.012921546,0.180125875
Non,Tjohnstoni,UF76247,,1.347710466,1.232029938,0.919391927,0.147057671
Non,Tjohnstoni,UF76248,,1.37534349,1.266490408,0.988603543,0.200576927
Non,Tjohnstoni,UF76250,,1.369303079,1.315970345,0.969182859,0.206286044
Non,Tjohnstoni,UF76251,,1.371176884,1.206690981,0.97160052,0.136720567
Non,Tjohnstoni,UF76252,,1.415645983,1.459859706,1.030073231,0.232487866
Non,Tjohnstoni,UF76253,,1.416543987,1.264699792,1.05380806,0.137037455
Non,Tjohnstoni,UF76257,,1.393169672,1.330007701,0.986099625,0.142076461
Non,Tjohnstoni,UF76258,,1.389073898,1.212374071,0.95230801,0.184975191
Non,Tjohnstoni,UF76259,,1.378492382,1.228733908,,0.161667412
Non,Tjohnstoni,UF76260,,1.401095393,1.226032503,0.983084773,0.16790781
Non,Tjohnstoni,UF76261,,1.373770542,1.200001865,0.894316063,
Non,Tjohnstoni,UF83526,,1.435896898,1.346411659,1.02341709,0.178401342
Non,Tjohnstoni,UF83527,,1.420897624,1.346431219,1.003546693,0.15715444
Non,Tjohnstoni,UF83530,,1.365510448,1.178199699,0.969136234,0.214313897
Non,Tjohnstoni,YPM16455,F,1.400411913,1.275334393,0.990338855,0.130655349
Non,Tjohnstoni,YPM16456,F,1.38600107,1.250371202,0.96425963,0.164650216
Non,Tjohnstoni,YPM16457,M,1.384899747,1.241471768,0.941908774,0.167612673
Hearing,Ccalyptratus,VTPE.LA.0231,M,1.541953474,1.899048589,1.055493007,0.412964272
Hearing,Ccalyptratus,VTPE.LA.0232,,1.149095891,0.725911632,0.724521627,
Hearing,Ccalyptratus,VTPE.LA.0233,,1.133890034,0.723701894,0.705264862,-0.058985756
Hearing,Ccalyptratus,VTPE.LA.0234,,1.089516544,0.616475514,0.694166296,
Hearing,Ccalyptratus,VTPE.LA.0235,,1.078674273,0.674401813,0.696967641,-0.069050969
Hearing,Ccalyptratus,VTPE.LA.0236,,1.057361763,0.489677292,0.670802284,-0.066006836
Hearing,Ccalyptratus,VTPE.LA.0237,,1.047080073,0.624385241,0.681331706,-0.032920266
Hearing,Ccalyptratus,VTPE.LA.0238,,0.991270389,0.567379308,0.6599162,
Hearing,Ccalyptratus,VTPE.LA.0239,,1.114277297,0.737987326,0.715418323,
Hearing,Ccalyptratus,VTPE.LA.0240,,1.033664963,0.639586087,0.647676313,-0.034798299
Hearing,Ccalyptratus,VTPE.LA.0241,,1.042221002,0.774297938,0.687439775,-0.031517051
Hearing,Ccalyptratus,VTPE.LA.0242,,1.130880314,0.844725628,0.727622578,
Hearing,Ccalyptratus,YPM11105,F,1.522574633,1.810890856,,0.068556895
Hearing,Ccalyptratus,YPM13719,M,1.53200231,1.774568056,,0.118264726
Hearing,Ccalyptratus,YPM14949,F,1.412460547,1.538246885,,0.25139485
Hearing,Ccalyptratus,YPM16156,,1.511450353,1.733983261,,0.174350597
Hearing,Ccalyptratus,YPM16554,M,1.487859243,1.765034902,,0.067070856
Hearing,Ccalyptratus,YPM11750,M,1.692952617,2.11556059,,0.313656347
Hearing,Ccalyptratus,YPM11772,M,1.531593862,1.756209971,,0.273232834
Hearing,Cchamaeleon,UCMVZ 111574,,1.516204735,1.763390553,1.134750686,0.352375495
Hearing,Cchamaeleon,UCMVZ 111575,,1.491515771,1.649587961,1.100336076,0.321805484
Hearing,Cchamaeleon,UCMVZ 111576,,1.520444228,1.706896924,1.170203023,0.160768562
Hearing,Cchamaeleon,UCMVZ 111577,,1.465293604,1.600439224,1.081779227,0.21005085
Hearing,Cchamaeleon,UCMVZ 111578,,1.503640901,1.729472576,1.109915863,0.154423973
Hearing,Cchamaeleon,UCMVZ 111579,,1.458184436,1.592643013,1.097604329,0.16613397
Hearing,Cchamaeleon,UCMVZ 111580,,1.493123313,1.650744512,1.108362035,0.241546481
Hearing,Cchamaeleon,UCMVZ 111581,,1.513350799,1.747862184,1.144418519,0.172018809
Hearing,Cchamaeleon,UCMVZ 111582,,1.496957309,1.749210517,1.139816141,0.204391332
Hearing,Cchamaeleon,UCMVZ 111583,,1.506883691,1.689575216,1.144511939,0.349083169
Hearing,Cchamaeleon,UCMVZ 111584,,1.491697792,1.650025675,1.12538366,0.189490314
Hearing,Cchamaeleon,UCMVZ 111585,,1.419674935,1.486189531,1.058539898,0.056523724
Hearing,Cchamaeleon,UCMVZ 111586,,1.429945974,1.554658726,1.05200098,0.135768515
Hearing,Cchamaeleon,UCMVZ 111587,,1.504579592,1.732755521,1.160678574,0.174641193
Hearing,Cchamaeleon,UCMVZ 111588,,1.431251155,1.585517128,1.053232149,0.214048679
Hearing,Cchamaeleon,UCMVZ 111589,,1.43381782,1.559140251,1.071697945,0.193958978
Hearing,Cchamaeleon,UCMVZ 111591,,1.417604535,1.580708344,1.046104787,0.010723865
Hearing,Cchamaeleon,UCMVZ 111592,,1.395413767,1.468007443,1.00246845,0.159567193
Hearing,Cchamaeleon,UCMVZ 111593,,1.422179315,1.553567503,1.115377494,0.175801633
Hearing,Cchamaeleon,UCMVZ 111590,,1.406676408,1.546507324,1.067442843,0.035029282
Hearing,Cchamaeleon,AMNH 73155,,1.324138353,1.228503017,0.94846187,0.083144143
Hearing,Cchamaeleon,AMNH 73356,,1.370439066,1.338735309,1.024157154,0.129689892
Hearing,Cchamaeleon,AMNH 141131,,1.323066376,1.253677165,0.949145952,0.092018471
Hearing,Cchamaeleon,AMNH 147646,,1.444274561,1.574933662,1.121559844,0.294025094
Hearing,Cchamaeleon,UF99033,,1.32858345,1.243980066,0.896911841,
Hearing,Cchamaeleon,YPM10535,,1.484328317,1.663682084,1.070518097,0.332034277
Hearing,Cchamaeleon,YPM10725,,1.469998642,1.585449449,1.064869625,0.339848783
Hearing,Cchamaeleon,YPM11438,,1.379522415,1.106632789,0.958898195,0.139879086
Hearing,Cdilepis,MVZ 24607,,1.361368923,1.231749854,1.012795058,0.026124517
Hearing,Cdilepis,LACM 163860,,1.357095925,1.245389271,,-0.024568191
Hearing,Cdilepis,LACM 163861,,1.360631275,1.292721138,,-0.210419288
Hearing,Cdilepis,LACM 163862,,1.348596891,1.183241364,,0.04060234
Hearing,Cdilepis,LACM 163863,,1.343841687,1.37276476,,-0.045275209
Hearing,Cdilepis,LACM 164655,,1.480711022,1.624756363,1.16181704,0.139564266
Hearing,Cdilepis,LACM 164656,,1.409138161,1.311690301,1.054344889,0.037824751
Hearing,Cdilepis,LACM 164670,,1.430561727,1.411198674,0.994405147,0.142389466
Hearing,Cdilepis,LACM 164696,,1.397307885,1.438700533,1.065019214,0.18920949
Hearing,Cdilepis,LACM 164698,,1.47915783,1.543347759,1.137607271,0.068927612
Hearing,Cdilepis,LACM 165170,,1.534323274,1.680553059,1.198051952,0.37821615
Hearing,Cdilepis,LACM 189274,,1.352819017,1.371437317,1.023499382,0.110926242
Hearing,Cdilepis,AMNH 47506,,1.444341515,1.483002139,1.07776749,0.062957834
Hearing,Cdilepis,AMNH 47720,,1.538715617,1.78356058,1.132675849,0.13001195
Hearing,Cdilepis,AMNH 73806,,1.387425423,1.472785694,1.022840611,0.174350597
Hearing,Cdilepis,AMNH 74793,,1.331629718,1.501907841,1.049721822,0.206286044
Hearing,Cdilepis,AMNH 74794,,1.366628381,1.596729013,1.077440584,0.245018871
Hearing,Cdilepis,AMNH 74795,,1.452706227,1.51893487,1.042102768,0.151676231
Hearing,Cdilepis,AMNH 74796,,1.455819024,1.587710965,1.044735697,0.163161375
Hearing,Cdilepis,AMNH 77034,,1.363461549,1.362576712,1.021272014,0.151063253
Hearing,Cdilepis,AMNH 175558,,1.333930674,1.267148252,1.009875634,0.143951116
Hearing,Cdilepis,CM112032,,1.458093696,1.504606771,1.092299477,0.116939647
Hearing,Cdilepis,CM114873,,1.3166412,1.234567898,0.975385849,0.04060234
Hearing,Cdilepis,CM144868,,1.394486703,1.499783276,0.994493123,0.154119526
Hearing,Cdilepis,CM144869,,1.290651739,1.19926138,0.949243591,-0.077793723
Hearing,Cdilepis,CM144870,,1.364249342,1.440909082,0.992465148,0.075546961
Hearing,Cdilepis,CM144871,,1.504507086,1.664829941,1.06228107,0.256236533
Hearing,Cdilepis,CM144872,,1.3554713,1.248243083,1.01228874,-0.014573526
Hearing,Cdilepis,MCZ R131519,,1.427599699,1.534470332,0.991181758,0.155336037
Hearing,Cdilepis,MCZ R50615,,1.50174373,1.675723364,1.033262876,0.180125875
Hearing,Cdilepis,MCZ R50618,,1.044774874,0.71189155,0.679427897,
Hearing,Cdilepis,UF55351,,1.500261888,1.656107789,1.073315021,0.163161375
Hearing,Cdilepis,UF55901,,1.431051595,1.441852176,1.02094106,0.05422991
Hearing,Cdilepis,UF61140,,1.463415152,1.471511737,1.07776749,0.074450719
Hearing,Cdilepis,UF76255,,1.43809329,1.4338658,1.081563321,-0.038104526
Hearing,Cdilepis,UF76256,,1.445570455,1.513590454,1.042969073,0.128399269
Hearing,Cdilepis,UF76262,,1.360773777,1.30952371,0.941063988,0.080626487
Hearing,Cdilepis,UF76263,,1.3911964,1.25362873,0.954869371,0.037824751
Hearing,Cdilepis,UF99082,,1.337781747,1.357019579,0.838156185,0.19838213
Hearing,Cdilepis,YPM10185,,1.422688308,1.437623743,0.967407557,0.02489596
Hearing,Cdilepis,YPM11280,,1.439979705,1.55160856,1.029586672,0.051538391
Hearing,Cdilepis,YPM18219,,1.473589145,1.535711754,1.047703108,0.284205068
Hearing,Cgracilis,MCZ unknown,,1.420615771,1.394381628,0.990427658,-0.049635146
Hearing,Cgracilis,MCZ R41654,,1.471878199,1.501579556,1.039572737,0.031408464
Hearing,Cgracilis,MCZ R41666,F,1.374363358,1.359569894,0.942454526,0.132579848
Hearing,Cgracilis,MCZ R7841,,1.039612382,0.469969209,0.62065648,-0.387216143
Hearing,Cgracilis,YPM11049,F,1.426267207,1.511629391,0.971646882,0.286007122
Hearing,Cgracilis,YPM11050,F,1.427177644,1.529135078,0.963598963,0.131297797
Hearing,Cgracilis,YPM11113,,1.359437038,1.354031566,0.938119269,0.183839037
Hearing,Cgracilis,YPM11123,,1.264085514,1.0553401,0.855519156,0.020775488
Hearing,Cgracilis,YPM11125,,1.274111645,1.139501275,0.878464345,0.261024834
Hearing,Cgracilis,AMNH 11608,,1.498172661,1.551974251,,0.259354927
Hearing,Csenegalensis,MCZ R173122,,1.386998073,1.594701861,0.972110228,0.270445908
Hearing,Csenegalensis,MCZ R173123,,1.444325903,1.472844177,1.002597981,0.29136885
Hearing,Csenegalensis,MCZ R173124,,1.499370867,1.528260909,1.05053442,0.203032887
Hearing,Csenegalensis,MCZ R173160,,1.43235989,1.34723241,0.976349979,0.171726454
Hearing,Csenegalensis,MCZ R173376,,1.252804504,1.071808392,0.842422003,0.136403448
Hearing,Csenegalensis,MCZ unknown,,1.433433786,1.466021924,0.972017599,0.229425848
Hearing,Csenegalensis,UF40629,,1.387426149,1.338077815,1.046612209,0.160468531
Hearing,Csenegalensis,UF41281,,1.396510281,1.389609016,0.93540649,0.108903128
Hearing,Csenegalensis,UF42414,,1.375304243,1.351815626,0.924537718,0.164947373
Hearing,Csenegalensis,UF42415,,1.47502282,1.582131571,1.110690697,0.259832699
Hearing,Csenegalensis,UF54139,,1.234414058,1.064383104,0.846275242,-0.01278077
Hearing,Csenegalensis,UF54140,,1.29681998,1.16527401,0.870930358,0.012415375
Hearing,Csenegalensis,UF54141,,1.254292846,1.09684052,0.869818208,0.01911629
Hearing,Csenegalensis,UF54142,,1.295700257,1.172602931,0.881099218,-0.03574037
Hearing,Csenegalensis,UF55710,,1.389391244,1.3616523,0.956216469,0.131618664
Hearing,Csenegalensis,UF55716,,1.248624605,1.03802374,0.849480837,-0.030584088
Hearing,Csenegalensis,UF55717,,1.236843271,1.028449243,0.829239428,0.026124517
Hearing,Csenegalensis,UF55832,,1.427215267,1.439095741,0.997954004,0.197280558
Hearing,Csenegalensis,UF55833,,1.423416938,1.418201823,1.018242667,0.006893708
Hearing,Csenegalensis,UF55834,,1.40544115,1.430752104,0.993171605,0.102776615
Hearing,Csenegalensis,UF55835,,1.371305746,1.40045164,1.001257631,-0.07007044
Hearing,Csenegalensis,UF55836,,1.37396372,1.412376537,0.981637425,0.111934276
Hearing,Csenegalensis,UF56418,F,1.430864843,1.460145817,1.00633766,0.225309282
Hearing,Csenegalensis,UF56419,,1.454478984,1.570215928,0.994669022,0.203304916
Hearing,Csenegalensis,UF56420,,1.376230113,1.364344586,0.991580457,0.175801633
Hearing,Csenegalensis,UF56591,,1.37744752,1.302482451,1.000347297,0.101403351
Hearing,Csenegalensis,UF56592,F,1.42662103,1.448690864,0.956216469,0.220631019
Hearing,Csenegalensis,UF56593,,1.383624602,1.288472801,0.993392137,-0.002176919
Hearing,Csenegalensis,UF56594,,1.399152203,1.390316768,0.960898677,0.06595298
Hearing,Csenegalensis,UF56595,,1.229465209,1.007320953,0.788733859,-0.070581074
Hearing,Csenegalensis,UF56596,,1.244360054,1.032618761,0.81571054,0.024074987
Hearing,Csenegalensis,UF56597,,1.212173611,0.916822285,0.834802054,-0.106238238
Hearing,Csenegalensis,UF56598,,1.198420095,0.93054153,0.750816843,-0.037630664
Hearing,Csenegalensis,UF56599,,1.323040876,1.224222186,0.855761372,0.117933835
Hearing,Csenegalensis,UF56600,,1.218991385,0.996992982,0.86003839,-0.036684489
Hearing,Csenegalensis,UF56601,,1.183532576,0.88303651,0.787814567,-0.172630727
Hearing,Csenegalensis,UF56602,,1.209498811,0.978636948,0.820398523,-0.041436117
Hearing,Csenegalensis,UF56603,,1.191107417,0.924486044,0.789580712,-0.05207638
Hearing,Csenegalensis,UF56604,,1.210143298,0.936212044,0.827885983,-0.070581074
Hearing,Csenegalensis,UF56605,,1.242068389,1.002770628,0.811440944,-0.018181393
Hearing,Csenegalensis,UF56606,,1.206963162,1.015653099,0.769229582,-0.070581074
Hearing,Csenegalensis,UF56607,,1.242857513,1.128722284,0.883093359,-0.063989204
Hearing,Csenegalensis,UF56608,,1.218814664,1.002770628,0.809155532,-0.141462802
Hearing,Csenegalensis,UF56609,,1.216612244,0.978454433,0.849910558,-0.071604148
Hearing,Csenegalensis,UF56610,,1.233877803,0.929980591,0.823865309,0.051923916
Hearing,Csenegalensis,UF56611,,1.388315815,1.358448839,0.971043792,0.13001195
Hearing,Csenegalensis,UF56898,F,1.422540597,1.554368001,0.87909588,0.274157849
Hearing,Csenegalensis,UF56899,F,1.378670385,1.419658411,0.964730921,
Hearing,Csenegalensis,YPM17922,,1.246276945,1.014058277,0.982225992,0.201123897
Hearing,Csenegalensis,AMNH 101366,,1.504130906,1.70900693,1.074816441,0.345765693
Hearing,Fpardalis,VTPE.LA.0219,F,1.420285885,1.375151302,1.029424364,0.131618664
Hearing,Fpardalis,VTPE.LA.0218,,1.402244182,1.387656729,0.963504499,0.244029589
Hearing,Fpardalis,VTPE.LA.0217,,1.396460892,1.480380678,1.012837225,0.137670537
Hearing,Fpardalis,VTPE.LA.0216,,1.462068408,1.448999872,1.051461244,0.097604329
Hearing,Fpardalis,VTPE.LA.0215,M,1.466363368,1.559308011,1.119750624,0.199480915
Hearing,Fpardalis,VTPE.LA.0214,M,1.503245771,1.770299591,1.139154658,0.243038049
Hearing,Fpardalis,VTPE.LA.0213,M,1.557170222,1.934604487,1.162594274,0.408918021
Hearing,Fpardalis,VTPE.LA.0222,F,1.491207562,1.663022104,1.097673699,0.224533063
Hearing,Fpardalis,VTPE.LA.0221,,1.423245874,1.399725626,1.008642748,0.188365926
Hearing,Fpardalis,VTPE.LA.0223,M,1.485480085,1.623414704,1.159958003,0.04453976
Hearing,Fpardalis,VTPE.LA.0220,M,1.521072673,1.680172282,1.157789086,0.248463718
Hearing,Fpardalis,VTPE.LA.0224,M,1.51195017,1.723833155,1.156821636,0.303843775
Hearing,Fpardalis,AMNH 131207,,1.515675188,1.559942516,1.115677065,0.170555059
Hearing,Fpardalis,CM144906,,1.677104852,1.987657329,1.166548515,0.343408594
Hearing,Fpardalis,CM157098,,1.5930866,1.848872362,1.123132664,0.28510703
Hearing,Fpardalis,YPM10391,F,1.500318824,1.632366172,1.04602667,0.328990855
Hearing,Fpardalis,YPM11041,F,1.549395667,1.708769216,1.070628844,0.230193379
Hearing,Fpardalis,YPM11110,,1.562994308,1.701749263,1.04273298,0.282395505
Hearing,Fpardalis,YPM11216,,1.635905772,1.927123885,1.145662471,0.313234292
Hearing,Fpardalis,YPM11955,,1.561614121,1.727557522,1.062168173,0.266701967
Hearing,Fpardalis,YPM12800,,1.603501625,1.910272131,1.139721705,0.22762965
Hearing,Fpardalis,YPM13662,F,1.472946503,1.50234517,0.998564458,0.177824972
Hearing,Fpardalis,YPM16520,,1.561484384,1.671931501,1.099266172,0.103119254
Hearing,Tcristatus,VTPE.LA.0259,F,1.45415859,1.592620821,1.024813933,0.100715087
Hearing,Tcristatus,VTPE.LA.0260,F,1.171960354,0.766115283,0.787956123,-0.124938737
Hearing,Tcristatus,VTPE.LA.0261,F,1.256573438,0.996073654,0.894039001,
Hearing,Tcristatus,VTPE.LA.0262,F,1.15299121,0.812846537,0.823800154,-0.059483515
Hearing,Tcristatus,VTPE.LA.0263,F,1.261358046,1.144636468,0.903903527,0.04060234
Hearing,Tcristatus,VTPE.LA.0264,F,1.137607271,0.786396461,0.758533422,-0.155522824
Hearing,Tcristatus,VTPE.LA.0265,M,1.412729273,1.42794029,1.07441413,0.093071306
Hearing,Tcristatus,AMNH 1801,F,1.329987387,1.211681076,0.97025387,0.087071206
Hearing,Tcristatus,AMNH 133811,F,1.457139785,1.484185911,1.06796309,0.329397879
Hearing,Tcristatus,MCZ R162358,F,1.41480628,1.422097163,1.000564216,0.049605613
Hearing,Tmelleri,VTPE.LA.0209,M,1.716620939,2.16180208,1.244994166,0.430719888
Hearing,Tmelleri,VTPE.LA.0210,M,1.720820582,2.130147143,1.300921408,0.62572391
Hearing,Tmelleri,VTPE.LA.0211,M,1.683713286,2.056436017,1.262593458,0.496929648
Hearing,Tmelleri,VTPE.LA.0212,F,1.599883354,1.829676784,1.162564407,0.203576775
Hearing,Tmelleri,AMNH 56487,M,1.70808081,2.138498481,1.275472601,0.455606113
Hearing,Tmelleri,AMNH74439,M,1.643679635,1.896388412,1.186164962,0.334252642
Hearing,Tmelleri,AMNH 75166,M,1.661111951,1.96356118,1.232589563,0.418632687
Hearing,Tmelleri,CM114903,,1.765191861,2.198734044,1.258565453,0.477844476
Hearing,Tmelleri,CM144902,F,1.717947853,2.111568295,1.197335703,0.425860145
Hearing,Tmelleri,CM144904,,1.731632411,2.126660554,1.1857121,0.434728542
Hearing,Tmelleri,CM144905,M,1.772541733,2.254412717,1.206933762,0.439806211
Hearing,Tmelleri,UF52735,,1.735778757,2.128360491,1.216746334,0.453929592
Hearing,Tmelleri,YPM11155,M,1.687189954,2.12257955,1.229758611,0.453624074
Hearing,Tmelleri,YPM11855,F,1.637199436,1.984545315,1.110320297,0.293362555
Hearing,Tmelleri,YPM16383,M,1.737502742,2.150903737,1.227115083,0.402605242
Hearing,Tmontium,MCZ R38198,M,1.395710709,1.361671185,0.999565488,0.045714059
Hearing,Tmontium,UF68308,M,1.355432362,1.236612828,0.929470016,-0.008773924
Hearing,Tmontium,UF68488,F,1.341177235,1.20046745,0.901839592,0.112605002
Hearing,Tmontium,UF68503,M,1.360176715,1.276668562,0.966282562,0.023663918
Hearing,Tmontium,UF75004,M,1.404867912,1.449894752,0.983265353,0.122870923
Hearing,Tmontium,UF75005,M,1.369178737,1.330068636,0.979184034,0.10720997
Hearing,Tmontium,UF75032,F,1.261048643,0.982768577,0.839226574,-0.022276395
Hearing,Tmontium,UF75033,M,1.313508674,1.197969368,0.811776022,0.01911629
Hearing,Tmontium,UF75034,F,1.348421698,1.194680813,0.920384242,0.042575512
Hearing,Tmontium,UF71565,M,1.309304393,1.166903524,0.891370175,-0.112945622
Hearing,Tmontium,UF71719,M,1.289455915,1.11330815,0.838660226,-0.089375595
Hearing,Tmontium,UF74664,F,1.29473069,1.064270753,0.872039668,-0.096367484
Hearing,Tmontium,UF74665,F,1.342244979,1.186504298,0.908485019,-0.026872146
Hearing,Tmontium,UF74666,F,1.318313817,1.109713505,0.819543936,0.068927612
Hearing,Tmontium,YPM13208,M,1.416141031,1.410794099,0.98842517,0.127428778
Hearing,Tmontium,YPM13209,F,1.252901553,1.067665882,0.817631467,0.062957834
Non,Tjohnstoni,CM144900,M,1.301550837,1.15299121,0.933537902,-0.021363052
Non,Tjohnstoni,CM144901,M,1.393645387,1.295479133,0.960470778,
